"CASE_ALERT_ID","CASE_ID","ALERT_ID","LINKED_AT","LINKED_BY"
1,1501,16408,2026-05-25 16:17:32.000,lwang
2,1501,15057,2026-05-25 16:17:32.000,nkumar
3,1502,16618,2026-05-25 16:17:32.000,lwang
4,1502,17864,2026-05-25 16:17:32.000,nkumar
5,1502,18718,2026-05-25 16:17:32.000,lwang
6,1503,15243,2026-05-25 16:17:32.000,nkumar
7,1505,16150,2026-05-25 16:17:32.000,nkumar
8,1506,19670,2026-05-25 16:17:32.000,jsmith
9,1506,18438,2026-05-25 16:17:32.000,mlee
10,1509,19050,2026-05-25 16:17:32.000,jsmith
11,1510,19507,2026-05-25 16:17:32.000,mlee
12,1512,15460,2026-05-25 16:17:32.000,patel_r
13,1512,17065,2026-05-25 16:17:32.000,nkumar
14,1512,18092,2026-05-25 16:17:32.000,nkumar
15,1513,17535,2026-05-25 16:17:32.000,nkumar
16,1514,19578,2026-05-25 16:17:32.000,lwang
17,1514,19530,2026-05-25 16:17:32.000,patel_r
18,1516,17954,2026-05-25 16:17:32.000,mlee
19,1517,16398,2026-05-25 16:17:32.000,patel_r
20,1518,18715,2026-05-25 16:17:32.000,lwang
21,1518,15860,2026-05-25 16:17:32.000,mlee
22,1518,16040,2026-05-25 16:17:32.000,patel_r
23,1520,18183,2026-05-25 16:17:32.000,mlee
24,1522,18143,2026-05-25 16:17:32.000,jsmith
25,1522,19878,2026-05-25 16:17:32.000,agarcia
26,1522,18156,2026-05-25 16:17:32.000,nkumar
27,1522,17961,2026-05-25 16:17:32.000,agarcia
28,1523,16098,2026-05-25 16:17:32.000,jsmith
29,1524,15431,2026-05-25 16:17:32.000,agarcia
30,1524,16767,2026-05-25 16:17:32.000,patel_r
31,1525,15959,2026-05-25 16:17:32.000,mlee
32,1526,15513,2026-05-25 16:17:32.000,mlee
33,1526,18717,2026-05-25 16:17:32.000,obrown
34,1526,15034,2026-05-25 16:17:32.000,lwang
35,1526,17431,2026-05-25 16:17:32.000,patel_r
36,1528,16567,2026-05-25 16:17:32.000,agarcia
37,1529,19157,2026-05-25 16:17:32.000,nkumar
38,1529,15917,2026-05-25 16:17:32.000,agarcia
39,1532,15670,2026-05-25 16:17:32.000,obrown
40,1532,15946,2026-05-25 16:17:32.000,lwang
41,1532,15242,2026-05-25 16:17:32.000,obrown
42,1533,18612,2026-05-25 16:17:32.000,patel_r
43,1533,18498,2026-05-25 16:17:32.000,lwang
44,1533,17876,2026-05-25 16:17:32.000,patel_r
45,1535,16344,2026-05-25 16:17:32.000,agarcia
46,1536,18877,2026-05-25 16:17:32.000,lwang
47,1537,16646,2026-05-25 16:17:32.000,patel_r
48,1538,15296,2026-05-25 16:17:32.000,patel_r
49,1538,16789,2026-05-25 16:17:32.000,lwang
50,1539,19044,2026-05-25 16:17:32.000,obrown
51,1541,18134,2026-05-25 16:17:32.000,nkumar
52,1542,18822,2026-05-25 16:17:32.000,jsmith
53,1545,15582,2026-05-25 16:17:32.000,nkumar
54,1546,17555,2026-05-25 16:17:32.000,patel_r
55,1546,15203,2026-05-25 16:17:32.000,nkumar
56,1546,19579,2026-05-25 16:17:32.000,jsmith
57,1546,17354,2026-05-25 16:17:32.000,jsmith
58,1547,18385,2026-05-25 16:17:32.000,agarcia
59,1548,16357,2026-05-25 16:17:32.000,nkumar
60,1548,17608,2026-05-25 16:17:32.000,patel_r
61,1550,17544,2026-05-25 16:17:32.000,nkumar
62,1553,16716,2026-05-25 16:17:32.000,jsmith
63,1557,19959,2026-05-25 16:17:32.000,patel_r
64,1557,17589,2026-05-25 16:17:32.000,jsmith
65,1557,18505,2026-05-25 16:17:32.000,obrown
66,1558,17679,2026-05-25 16:17:32.000,mlee
67,1558,15385,2026-05-25 16:17:32.000,agarcia
68,1558,19403,2026-05-25 16:17:32.000,mlee
69,1558,19751,2026-05-25 16:17:32.000,mlee
70,1560,19443,2026-05-25 16:17:32.000,mlee
71,1562,19576,2026-05-25 16:17:32.000,lwang
72,1563,15661,2026-05-25 16:17:32.000,lwang
73,1563,18450,2026-05-25 16:17:32.000,jsmith
74,1563,16404,2026-05-25 16:17:32.000,agarcia
75,1564,16647,2026-05-25 16:17:32.000,agarcia
76,1564,17400,2026-05-25 16:17:32.000,agarcia
77,1565,17287,2026-05-25 16:17:32.000,jsmith
78,1566,16428,2026-05-25 16:17:32.000,obrown
79,1567,17765,2026-05-25 16:17:32.000,obrown
80,1568,17641,2026-05-25 16:17:32.000,patel_r
81,1568,15031,2026-05-25 16:17:32.000,nkumar
82,1568,17729,2026-05-25 16:17:32.000,patel_r
83,1569,16103,2026-05-25 16:17:32.000,patel_r
84,1570,19776,2026-05-25 16:17:32.000,nkumar
85,1570,15675,2026-05-25 16:17:32.000,lwang
86,1570,17327,2026-05-25 16:17:32.000,jsmith
87,1571,19799,2026-05-25 16:17:32.000,mlee
88,1571,17518,2026-05-25 16:17:32.000,agarcia
89,1572,15323,2026-05-25 16:17:32.000,obrown
90,1574,15180,2026-05-25 16:17:32.000,mlee
91,1576,15666,2026-05-25 16:17:32.000,mlee
92,1577,17954,2026-05-25 16:17:32.000,patel_r
93,1578,18083,2026-05-25 16:17:32.000,obrown
94,1579,17849,2026-05-25 16:17:32.000,lwang
95,1579,17323,2026-05-25 16:17:32.000,mlee
96,1580,17963,2026-05-25 16:17:32.000,patel_r
97,1581,17029,2026-05-25 16:17:32.000,obrown
98,1583,17855,2026-05-25 16:17:32.000,obrown
99,1583,15822,2026-05-25 16:17:32.000,nkumar
100,1583,15722,2026-05-25 16:17:32.000,agarcia
101,1584,16808,2026-05-25 16:17:32.000,jsmith
102,1584,19746,2026-05-25 16:17:32.000,agarcia
103,1585,18183,2026-05-25 16:17:32.000,jsmith
104,1586,18406,2026-05-25 16:17:32.000,agarcia
105,1587,16444,2026-05-25 16:17:32.000,nkumar
106,1589,18910,2026-05-25 16:17:32.000,obrown
107,1589,18016,2026-05-25 16:17:32.000,lwang
108,1589,17625,2026-05-25 16:17:32.000,patel_r
109,1591,18549,2026-05-25 16:17:32.000,agarcia
110,1591,19000,2026-05-25 16:17:32.000,mlee
111,1593,18568,2026-05-25 16:17:32.000,jsmith
112,1593,16408,2026-05-25 16:17:32.000,nkumar
113,1593,17988,2026-05-25 16:17:32.000,patel_r
114,1593,15057,2026-05-25 16:17:32.000,jsmith
115,1595,19099,2026-05-25 16:17:32.000,lwang
116,1595,16857,2026-05-25 16:17:32.000,lwang
117,1597,17639,2026-05-25 16:17:32.000,nkumar
118,1599,18912,2026-05-25 16:17:32.000,lwang
119,1601,18972,2026-05-25 16:17:32.000,obrown
120,1604,16785,2026-05-25 16:17:32.000,patel_r
121,1604,15587,2026-05-25 16:17:32.000,mlee
122,1604,18503,2026-05-25 16:17:32.000,obrown
123,1604,15698,2026-05-25 16:17:32.000,obrown
124,1604,18486,2026-05-25 16:17:32.000,obrown
125,1605,17804,2026-05-25 16:17:32.000,agarcia
126,1606,16684,2026-05-25 16:17:32.000,mlee
127,1607,19026,2026-05-25 16:17:32.000,lwang
128,1607,17502,2026-05-25 16:17:32.000,agarcia
129,1609,15658,2026-05-25 16:17:32.000,agarcia
130,1609,18293,2026-05-25 16:17:32.000,obrown
131,1610,16473,2026-05-25 16:17:32.000,patel_r
132,1611,16313,2026-05-25 16:17:32.000,patel_r
133,1612,18877,2026-05-25 16:17:32.000,obrown
134,1615,16093,2026-05-25 16:17:32.000,nkumar
135,1615,19640,2026-05-25 16:17:32.000,patel_r
136,1616,18905,2026-05-25 16:17:32.000,nkumar
137,1616,17896,2026-05-25 16:17:32.000,lwang
138,1617,16658,2026-05-25 16:17:32.000,jsmith
139,1617,17593,2026-05-25 16:17:32.000,mlee
140,1618,17304,2026-05-25 16:17:32.000,obrown
141,1619,16295,2026-05-25 16:17:32.000,lwang
142,1620,15806,2026-05-25 16:17:32.000,lwang
143,1621,19725,2026-05-25 16:17:32.000,nkumar
144,1621,18794,2026-05-25 16:17:32.000,nkumar
145,1622,18730,2026-05-25 16:17:32.000,patel_r
146,1623,15851,2026-05-25 16:17:32.000,lwang
147,1624,19870,2026-05-25 16:17:32.000,patel_r
148,1624,17516,2026-05-25 16:17:32.000,agarcia
149,1624,19719,2026-05-25 16:17:32.000,jsmith
150,1624,18426,2026-05-25 16:17:32.000,lwang
151,1625,17535,2026-05-25 16:17:32.000,nkumar
152,1626,16191,2026-05-25 16:17:32.000,agarcia
153,1626,15608,2026-05-25 16:17:32.000,patel_r
154,1627,16892,2026-05-25 16:17:32.000,jsmith
155,1627,15601,2026-05-25 16:17:32.000,nkumar
156,1627,16054,2026-05-25 16:17:32.000,obrown
157,1628,18689,2026-05-25 16:17:32.000,lwang
158,1628,15028,2026-05-25 16:17:32.000,patel_r
159,1630,17531,2026-05-25 16:17:32.000,agarcia
160,1630,15367,2026-05-25 16:17:32.000,agarcia
161,1631,15603,2026-05-25 16:17:32.000,jsmith
162,1633,15528,2026-05-25 16:17:32.000,obrown
163,1634,18584,2026-05-25 16:17:32.000,agarcia
164,1634,17869,2026-05-25 16:17:32.000,obrown
165,1635,15963,2026-05-25 16:17:32.000,obrown
166,1635,17974,2026-05-25 16:17:32.000,jsmith
167,1635,17662,2026-05-25 16:17:32.000,obrown
168,1637,18103,2026-05-25 16:17:32.000,nkumar
169,1637,17328,2026-05-25 16:17:32.000,nkumar
170,1637,18199,2026-05-25 16:17:32.000,patel_r
171,1638,19048,2026-05-25 16:17:32.000,jsmith
172,1638,17172,2026-05-25 16:17:32.000,jsmith
173,1641,16294,2026-05-25 16:17:32.000,lwang
174,1641,17053,2026-05-25 16:17:32.000,jsmith
175,1642,16296,2026-05-25 16:17:32.000,obrown
176,1643,17449,2026-05-25 16:17:32.000,nkumar
177,1644,18411,2026-05-25 16:17:32.000,lwang
178,1645,19575,2026-05-25 16:17:32.000,patel_r
179,1645,17442,2026-05-25 16:17:32.000,patel_r
180,1648,15723,2026-05-25 16:17:32.000,obrown
181,1648,15450,2026-05-25 16:17:32.000,nkumar
182,1649,19356,2026-05-25 16:17:32.000,patel_r
183,1649,18000,2026-05-25 16:17:32.000,nkumar
184,1650,15142,2026-05-25 16:17:32.000,obrown
185,1650,17500,2026-05-25 16:17:32.000,jsmith
186,1651,17171,2026-05-25 16:17:32.000,nkumar
187,1652,18867,2026-05-25 16:17:32.000,jsmith
188,1653,18140,2026-05-25 16:17:32.000,obrown
189,1656,18679,2026-05-25 16:17:32.000,mlee
190,1657,18459,2026-05-25 16:17:32.000,nkumar
191,1657,18342,2026-05-25 16:17:32.000,patel_r
192,1657,18543,2026-05-25 16:17:32.000,mlee
193,1658,16535,2026-05-25 16:17:32.000,jsmith
194,1659,16172,2026-05-25 16:17:32.000,nkumar
195,1659,18573,2026-05-25 16:17:32.000,lwang
196,1661,15548,2026-05-25 16:17:32.000,obrown
197,1661,19173,2026-05-25 16:17:32.000,mlee
198,1663,19256,2026-05-25 16:17:32.000,agarcia
199,1663,16528,2026-05-25 16:17:32.000,agarcia
200,1666,16214,2026-05-25 16:17:32.000,lwang
201,1667,19442,2026-05-25 16:17:32.000,nkumar
202,1668,18411,2026-05-25 16:17:32.000,mlee
203,1669,17417,2026-05-25 16:17:32.000,jsmith
204,1669,17353,2026-05-25 16:17:32.000,agarcia
205,1670,19837,2026-05-25 16:17:32.000,lwang
206,1671,16476,2026-05-25 16:17:32.000,agarcia
207,1672,17284,2026-05-25 16:17:32.000,obrown
208,1672,15444,2026-05-25 16:17:32.000,jsmith
209,1672,15093,2026-05-25 16:17:32.000,patel_r
210,1672,18468,2026-05-25 16:17:32.000,mlee
211,1672,19930,2026-05-25 16:17:32.000,jsmith
212,1673,15110,2026-05-25 16:17:32.000,patel_r
213,1674,16398,2026-05-25 16:17:32.000,lwang
214,1675,17936,2026-05-25 16:17:32.000,patel_r
215,1675,15654,2026-05-25 16:17:32.000,mlee
216,1676,18558,2026-05-25 16:17:32.000,jsmith
217,1676,17191,2026-05-25 16:17:32.000,nkumar
218,1678,16177,2026-05-25 16:17:32.000,lwang
219,1678,17755,2026-05-25 16:17:32.000,nkumar
220,1679,19110,2026-05-25 16:17:32.000,mlee
221,1679,19174,2026-05-25 16:17:32.000,agarcia
222,1680,15207,2026-05-25 16:17:32.000,obrown
223,1680,16281,2026-05-25 16:17:32.000,nkumar
224,1680,16650,2026-05-25 16:17:32.000,mlee
225,1682,15499,2026-05-25 16:17:32.000,agarcia
226,1682,17460,2026-05-25 16:17:32.000,jsmith
227,1683,16213,2026-05-25 16:17:32.000,lwang
228,1683,15902,2026-05-25 16:17:32.000,obrown
229,1684,15913,2026-05-25 16:17:32.000,mlee
230,1686,16244,2026-05-25 16:17:32.000,agarcia
231,1686,18142,2026-05-25 16:17:32.000,lwang
232,1687,19426,2026-05-25 16:17:32.000,nkumar
233,1687,17583,2026-05-25 16:17:32.000,patel_r
234,1688,16153,2026-05-25 16:17:32.000,mlee
235,1688,16443,2026-05-25 16:17:32.000,obrown
236,1689,15400,2026-05-25 16:17:32.000,patel_r
237,1691,17368,2026-05-25 16:17:32.000,jsmith
238,1691,19406,2026-05-25 16:17:32.000,obrown
239,1691,17551,2026-05-25 16:17:32.000,nkumar
240,1691,15622,2026-05-25 16:17:32.000,nkumar
241,1692,18547,2026-05-25 16:17:32.000,agarcia
242,1693,15821,2026-05-25 16:17:32.000,jsmith
243,1694,18079,2026-05-25 16:17:32.000,jsmith
244,1694,17850,2026-05-25 16:17:32.000,obrown
245,1694,18190,2026-05-25 16:17:32.000,patel_r
246,1694,17401,2026-05-25 16:17:32.000,obrown
247,1694,15012,2026-05-25 16:17:32.000,lwang
248,1695,15113,2026-05-25 16:17:32.000,lwang
249,1695,19013,2026-05-25 16:17:32.000,obrown
250,1696,15453,2026-05-25 16:17:32.000,patel_r
251,1698,17860,2026-05-25 16:17:32.000,lwang
252,1698,18149,2026-05-25 16:17:32.000,patel_r
253,1699,19879,2026-05-25 16:17:32.000,lwang
254,1699,15662,2026-05-25 16:17:32.000,obrown
255,1700,17081,2026-05-25 16:17:32.000,mlee
256,1701,19417,2026-05-25 16:17:32.000,agarcia
257,1701,19326,2026-05-25 16:17:32.000,patel_r
258,1702,18022,2026-05-25 16:17:32.000,agarcia
259,1702,15040,2026-05-25 16:17:32.000,agarcia
260,1704,18699,2026-05-25 16:17:32.000,jsmith
261,1706,17833,2026-05-25 16:17:32.000,patel_r
262,1706,15170,2026-05-25 16:17:32.000,nkumar
263,1706,18564,2026-05-25 16:17:32.000,nkumar
264,1707,17146,2026-05-25 16:17:32.000,patel_r
265,1708,16225,2026-05-25 16:17:32.000,obrown
266,1709,16534,2026-05-25 16:17:32.000,mlee
267,1709,16784,2026-05-25 16:17:32.000,patel_r
268,1711,15525,2026-05-25 16:17:32.000,jsmith
269,1711,16078,2026-05-25 16:17:32.000,agarcia
270,1713,15362,2026-05-25 16:17:32.000,mlee
271,1714,17502,2026-05-25 16:17:32.000,nkumar
272,1714,19026,2026-05-25 16:17:32.000,mlee
273,1715,19917,2026-05-25 16:17:32.000,agarcia
274,1717,17785,2026-05-25 16:17:32.000,obrown
275,1718,15357,2026-05-25 16:17:32.000,mlee
276,1718,17067,2026-05-25 16:17:32.000,obrown
277,1719,18036,2026-05-25 16:17:32.000,obrown
278,1719,18828,2026-05-25 16:17:32.000,patel_r
279,1719,15697,2026-05-25 16:17:32.000,patel_r
280,1719,17020,2026-05-25 16:17:32.000,obrown
281,1719,17618,2026-05-25 16:17:32.000,nkumar
282,1721,17662,2026-05-25 16:17:32.000,obrown
283,1721,17974,2026-05-25 16:17:32.000,mlee
284,1724,15818,2026-05-25 16:17:32.000,lwang
285,1725,19857,2026-05-25 16:17:32.000,nkumar
286,1729,16966,2026-05-25 16:17:32.000,patel_r
287,1730,18869,2026-05-25 16:17:32.000,agarcia
288,1731,18083,2026-05-25 16:17:32.000,lwang
289,1732,15894,2026-05-25 16:17:32.000,nkumar
290,1732,18522,2026-05-25 16:17:32.000,obrown
291,1732,17723,2026-05-25 16:17:32.000,mlee
292,1732,19667,2026-05-25 16:17:32.000,agarcia
293,1734,17161,2026-05-25 16:17:32.000,lwang
294,1735,16793,2026-05-25 16:17:32.000,patel_r
295,1736,19324,2026-05-25 16:17:32.000,agarcia
296,1736,17626,2026-05-25 16:17:32.000,nkumar
297,1736,19958,2026-05-25 16:17:32.000,jsmith
298,1736,16757,2026-05-25 16:17:32.000,nkumar
299,1737,19183,2026-05-25 16:17:32.000,mlee
300,1738,16359,2026-05-25 16:17:32.000,obrown
301,1739,19121,2026-05-25 16:17:32.000,patel_r
302,1739,16673,2026-05-25 16:17:32.000,jsmith
303,1740,15166,2026-05-25 16:17:32.000,nkumar
304,1740,19388,2026-05-25 16:17:32.000,patel_r
305,1741,15686,2026-05-25 16:17:32.000,nkumar
306,1741,19086,2026-05-25 16:17:32.000,mlee
307,1742,19869,2026-05-25 16:17:32.000,jsmith
308,1742,19603,2026-05-25 16:17:32.000,mlee
309,1743,18623,2026-05-25 16:17:32.000,patel_r
310,1745,18431,2026-05-25 16:17:32.000,agarcia
311,1746,16840,2026-05-25 16:17:32.000,agarcia
312,1747,19320,2026-05-25 16:17:32.000,patel_r
313,1747,19697,2026-05-25 16:17:32.000,patel_r
314,1748,17885,2026-05-25 16:17:32.000,patel_r
315,1748,15726,2026-05-25 16:17:32.000,patel_r
316,1751,17055,2026-05-25 16:17:32.000,mlee
317,1751,19308,2026-05-25 16:17:32.000,mlee
318,1752,19518,2026-05-25 16:17:32.000,obrown
319,1753,18140,2026-05-25 16:17:32.000,nkumar
320,1755,19511,2026-05-25 16:17:32.000,nkumar
321,1756,15362,2026-05-25 16:17:32.000,jsmith
322,1757,16970,2026-05-25 16:17:32.000,obrown
323,1758,17358,2026-05-25 16:17:32.000,mlee
324,1759,15960,2026-05-25 16:17:32.000,patel_r
325,1760,16410,2026-05-25 16:17:32.000,jsmith
326,1761,18027,2026-05-25 16:17:32.000,patel_r
327,1761,19090,2026-05-25 16:17:32.000,agarcia
328,1762,16699,2026-05-25 16:17:32.000,patel_r
329,1762,18737,2026-05-25 16:17:32.000,mlee
330,1762,15029,2026-05-25 16:17:32.000,mlee
331,1763,17847,2026-05-25 16:17:32.000,mlee
332,1763,15185,2026-05-25 16:17:32.000,lwang
333,1766,17547,2026-05-25 16:17:32.000,jsmith
334,1767,17198,2026-05-25 16:17:32.000,mlee
335,1768,19799,2026-05-25 16:17:32.000,jsmith
336,1768,17518,2026-05-25 16:17:32.000,lwang
337,1768,17420,2026-05-25 16:17:32.000,lwang
338,1771,18217,2026-05-25 16:17:32.000,patel_r
339,1772,18444,2026-05-25 16:17:32.000,jsmith
340,1773,19588,2026-05-25 16:17:32.000,patel_r
341,1773,17761,2026-05-25 16:17:32.000,patel_r
342,1775,15573,2026-05-25 16:17:32.000,patel_r
343,1775,19465,2026-05-25 16:17:32.000,jsmith
344,1776,17458,2026-05-25 16:17:32.000,patel_r
345,1776,16032,2026-05-25 16:17:32.000,patel_r
346,1777,19952,2026-05-25 16:17:32.000,jsmith
347,1777,17775,2026-05-25 16:17:32.000,agarcia
348,1777,15118,2026-05-25 16:17:32.000,jsmith
349,1778,18143,2026-05-25 16:17:32.000,nkumar
350,1778,19030,2026-05-25 16:17:32.000,lwang
351,1778,18156,2026-05-25 16:17:32.000,mlee
352,1778,17383,2026-05-25 16:17:32.000,lwang
353,1779,15473,2026-05-25 16:17:32.000,obrown
354,1779,16547,2026-05-25 16:17:32.000,mlee
355,1782,17085,2026-05-25 16:17:32.000,mlee
356,1782,16557,2026-05-25 16:17:32.000,agarcia
357,1783,16258,2026-05-25 16:17:32.000,patel_r
358,1784,19547,2026-05-25 16:17:32.000,obrown
359,1785,18559,2026-05-25 16:17:32.000,agarcia
360,1785,17188,2026-05-25 16:17:32.000,mlee
361,1786,16151,2026-05-25 16:17:32.000,nkumar
362,1786,15159,2026-05-25 16:17:32.000,mlee
363,1787,17377,2026-05-25 16:17:32.000,obrown
364,1787,15095,2026-05-25 16:17:32.000,nkumar
365,1789,17819,2026-05-25 16:17:32.000,jsmith
366,1789,17726,2026-05-25 16:17:32.000,nkumar
367,1790,16448,2026-05-25 16:17:32.000,patel_r
368,1791,18020,2026-05-25 16:17:32.000,agarcia
369,1792,15150,2026-05-25 16:17:32.000,jsmith
370,1793,15116,2026-05-25 16:17:32.000,obrown
371,1793,17257,2026-05-25 16:17:32.000,mlee
372,1794,16308,2026-05-25 16:17:32.000,obrown
373,1794,16538,2026-05-25 16:17:32.000,obrown
374,1796,17693,2026-05-25 16:17:32.000,obrown
375,1796,15816,2026-05-25 16:17:32.000,agarcia
376,1796,18087,2026-05-25 16:17:32.000,agarcia
377,1797,19079,2026-05-25 16:17:32.000,nkumar
378,1798,18824,2026-05-25 16:17:32.000,jsmith
379,1799,16698,2026-05-25 16:17:32.000,mlee
380,1799,18936,2026-05-25 16:17:32.000,jsmith
381,1800,18049,2026-05-25 16:17:32.000,mlee
382,1800,15731,2026-05-25 16:17:32.000,jsmith
383,1800,16704,2026-05-25 16:17:32.000,lwang
384,1802,17895,2026-05-25 16:17:32.000,agarcia
385,1804,16099,2026-05-25 16:17:32.000,agarcia
386,1804,19039,2026-05-25 16:17:32.000,obrown
387,1807,17254,2026-05-25 16:17:32.000,jsmith
388,1808,19029,2026-05-25 16:17:32.000,jsmith
389,1809,19634,2026-05-25 16:17:32.000,lwang
390,1809,18594,2026-05-25 16:17:32.000,mlee
391,1809,16830,2026-05-25 16:17:32.000,agarcia
392,1809,16747,2026-05-25 16:17:32.000,mlee
393,1810,19491,2026-05-25 16:17:32.000,lwang
394,1811,16046,2026-05-25 16:17:32.000,nkumar
395,1811,19103,2026-05-25 16:17:32.000,patel_r
396,1813,17373,2026-05-25 16:17:32.000,nkumar
397,1813,18738,2026-05-25 16:17:32.000,nkumar
398,1815,16110,2026-05-25 16:17:32.000,nkumar
399,1818,16804,2026-05-25 16:17:32.000,lwang
400,1819,19618,2026-05-25 16:17:32.000,nkumar
401,1821,16653,2026-05-25 16:17:32.000,agarcia
402,1821,17155,2026-05-25 16:17:32.000,mlee
403,1823,16373,2026-05-25 16:17:32.000,lwang
404,1824,15163,2026-05-25 16:17:32.000,patel_r
405,1824,18347,2026-05-25 16:17:32.000,lwang
406,1824,17242,2026-05-25 16:17:32.000,agarcia
407,1826,17150,2026-05-25 16:17:32.000,lwang
408,1829,19589,2026-05-25 16:17:32.000,patel_r
409,1830,17387,2026-05-25 16:17:32.000,lwang
410,1830,18111,2026-05-25 16:17:32.000,agarcia
411,1830,16100,2026-05-25 16:17:32.000,agarcia
412,1831,15286,2026-05-25 16:17:32.000,jsmith
413,1832,17091,2026-05-25 16:17:32.000,mlee
414,1832,15332,2026-05-25 16:17:32.000,nkumar
415,1833,17826,2026-05-25 16:17:32.000,mlee
416,1835,16365,2026-05-25 16:17:32.000,jsmith
417,1836,16025,2026-05-25 16:17:32.000,mlee
418,1836,17583,2026-05-25 16:17:32.000,mlee
419,1836,19426,2026-05-25 16:17:32.000,mlee
420,1837,15668,2026-05-25 16:17:32.000,nkumar
421,1838,16259,2026-05-25 16:17:32.000,lwang
422,1838,19279,2026-05-25 16:17:32.000,patel_r
423,1843,15238,2026-05-25 16:17:32.000,patel_r
424,1843,15309,2026-05-25 16:17:32.000,mlee
425,1844,18883,2026-05-25 16:17:32.000,nkumar
426,1845,19240,2026-05-25 16:17:32.000,obrown
427,1845,15038,2026-05-25 16:17:32.000,obrown
428,1846,18962,2026-05-25 16:17:32.000,agarcia
429,1847,19895,2026-05-25 16:17:32.000,patel_r
430,1848,17457,2026-05-25 16:17:32.000,patel_r
431,1848,19192,2026-05-25 16:17:32.000,obrown
432,1849,19548,2026-05-25 16:17:32.000,jsmith
433,1849,18834,2026-05-25 16:17:32.000,obrown
434,1852,16454,2026-05-25 16:17:32.000,agarcia
435,1852,15773,2026-05-25 16:17:32.000,nkumar
436,1852,17456,2026-05-25 16:17:32.000,nkumar
437,1854,18514,2026-05-25 16:17:32.000,agarcia
438,1854,16314,2026-05-25 16:17:32.000,patel_r
439,1854,19335,2026-05-25 16:17:32.000,agarcia
440,1857,19465,2026-05-25 16:17:32.000,agarcia
441,1857,15573,2026-05-25 16:17:32.000,mlee
442,1858,19143,2026-05-25 16:17:32.000,mlee
443,1859,17848,2026-05-25 16:17:32.000,nkumar
444,1860,17672,2026-05-25 16:17:32.000,lwang
445,1860,17846,2026-05-25 16:17:32.000,agarcia
446,1860,15202,2026-05-25 16:17:32.000,patel_r
447,1865,16493,2026-05-25 16:17:32.000,jsmith
448,1865,17151,2026-05-25 16:17:32.000,patel_r
449,1867,18545,2026-05-25 16:17:32.000,jsmith
450,1870,18699,2026-05-25 16:17:32.000,mlee
451,1871,17385,2026-05-25 16:17:32.000,agarcia
452,1872,16686,2026-05-25 16:17:32.000,lwang
453,1872,15459,2026-05-25 16:17:32.000,jsmith
454,1872,19355,2026-05-25 16:17:32.000,lwang
455,1873,18296,2026-05-25 16:17:32.000,jsmith
456,1873,18078,2026-05-25 16:17:32.000,obrown
457,1873,17571,2026-05-25 16:17:32.000,agarcia
458,1874,19143,2026-05-25 16:17:32.000,lwang
459,1876,15849,2026-05-25 16:17:32.000,lwang
460,1876,16643,2026-05-25 16:17:32.000,mlee
461,1877,18106,2026-05-25 16:17:32.000,nkumar
462,1879,16121,2026-05-25 16:17:32.000,lwang
463,1879,17434,2026-05-25 16:17:32.000,lwang
464,1880,16742,2026-05-25 16:17:32.000,nkumar
465,1882,17199,2026-05-25 16:17:32.000,mlee
466,1884,16083,2026-05-25 16:17:32.000,patel_r
467,1885,17785,2026-05-25 16:17:32.000,nkumar
468,1886,19453,2026-05-25 16:17:32.000,obrown
469,1886,19231,2026-05-25 16:17:32.000,lwang
470,1887,17077,2026-05-25 16:17:32.000,obrown
471,1887,17905,2026-05-25 16:17:32.000,mlee
472,1887,17681,2026-05-25 16:17:32.000,agarcia
473,1888,19342,2026-05-25 16:17:32.000,patel_r
474,1891,16204,2026-05-25 16:17:32.000,jsmith
475,1891,19968,2026-05-25 16:17:32.000,jsmith
476,1891,18516,2026-05-25 16:17:32.000,jsmith
477,1892,19053,2026-05-25 16:17:32.000,lwang
478,1893,17337,2026-05-25 16:17:32.000,mlee
479,1894,16225,2026-05-25 16:17:32.000,lwang
480,1897,15177,2026-05-25 16:17:32.000,jsmith
481,1897,17325,2026-05-25 16:17:32.000,patel_r
482,1898,16885,2026-05-25 16:17:32.000,jsmith
483,1900,17737,2026-05-25 16:17:32.000,mlee
484,1901,19865,2026-05-25 16:17:32.000,nkumar
485,1901,17925,2026-05-25 16:17:32.000,jsmith
486,1901,15633,2026-05-25 16:17:32.000,obrown
487,1905,15342,2026-05-25 16:17:32.000,jsmith
488,1907,16143,2026-05-25 16:17:32.000,jsmith
489,1908,19292,2026-05-25 16:17:32.000,mlee
490,1911,19141,2026-05-25 16:17:32.000,jsmith
491,1911,18387,2026-05-25 16:17:32.000,jsmith
492,1912,19819,2026-05-25 16:17:32.000,jsmith
493,1914,17139,2026-05-25 16:17:32.000,nkumar
494,1916,17748,2026-05-25 16:17:32.000,agarcia
495,1916,18084,2026-05-25 16:17:32.000,patel_r
496,1916,16298,2026-05-25 16:17:32.000,patel_r
497,1917,18811,2026-05-25 16:17:32.000,agarcia
498,1918,19247,2026-05-25 16:17:32.000,agarcia
499,1922,16986,2026-05-25 16:17:32.000,agarcia
500,1923,19396,2026-05-25 16:17:32.000,jsmith
501,1925,18787,2026-05-25 16:17:32.000,obrown
502,1926,15061,2026-05-25 16:17:32.000,patel_r
503,1926,19397,2026-05-25 16:17:32.000,lwang
504,1927,15654,2026-05-25 16:17:32.000,nkumar
505,1927,17936,2026-05-25 16:17:32.000,agarcia
506,1930,16689,2026-05-25 16:17:32.000,nkumar
507,1931,18134,2026-05-25 16:17:32.000,lwang
508,1933,15913,2026-05-25 16:17:32.000,lwang
509,1934,19726,2026-05-25 16:17:32.000,agarcia
510,1936,18925,2026-05-25 16:17:32.000,lwang
511,1937,19312,2026-05-25 16:17:32.000,mlee
512,1938,15204,2026-05-25 16:17:32.000,nkumar
513,1939,18153,2026-05-25 16:17:32.000,patel_r
514,1939,18693,2026-05-25 16:17:32.000,lwang
515,1940,18643,2026-05-25 16:17:32.000,agarcia
516,1941,18666,2026-05-25 16:17:32.000,nkumar
517,1941,17643,2026-05-25 16:17:32.000,obrown
518,1943,16911,2026-05-25 16:17:32.000,obrown
519,1944,15174,2026-05-25 16:17:32.000,obrown
520,1944,17517,2026-05-25 16:17:32.000,patel_r
521,1944,16174,2026-05-25 16:17:32.000,mlee
522,1946,17611,2026-05-25 16:17:32.000,nkumar
523,1946,15572,2026-05-25 16:17:32.000,mlee
524,1947,17643,2026-05-25 16:17:32.000,lwang
525,1947,18666,2026-05-25 16:17:32.000,lwang
526,1948,18297,2026-05-25 16:17:32.000,lwang
527,1949,17020,2026-05-25 16:17:32.000,obrown
528,1949,18828,2026-05-25 16:17:32.000,agarcia
529,1949,18036,2026-05-25 16:17:32.000,mlee
530,1950,18798,2026-05-25 16:17:32.000,lwang
531,1950,19854,2026-05-25 16:17:32.000,mlee
532,1950,16529,2026-05-25 16:17:32.000,nkumar
533,1951,16294,2026-05-25 16:17:32.000,obrown
534,1951,17053,2026-05-25 16:17:32.000,mlee
535,1952,17920,2026-05-25 16:17:32.000,patel_r
536,1953,19060,2026-05-25 16:17:32.000,obrown
537,1953,17926,2026-05-25 16:17:32.000,nkumar
538,1953,15751,2026-05-25 16:17:32.000,obrown
539,1954,15664,2026-05-25 16:17:32.000,mlee
540,1955,18397,2026-05-25 16:17:32.000,jsmith
541,1956,19079,2026-05-25 16:17:32.000,lwang
542,1957,17132,2026-05-25 16:17:32.000,jsmith
543,1958,16077,2026-05-25 16:17:32.000,agarcia
544,1959,18393,2026-05-25 16:17:32.000,jsmith
545,1961,15739,2026-05-25 16:17:32.000,nkumar
546,1962,19696,2026-05-25 16:17:32.000,patel_r
547,1964,19907,2026-05-25 16:17:32.000,obrown
548,1964,18457,2026-05-25 16:17:32.000,mlee
549,1965,15407,2026-05-25 16:17:32.000,obrown
550,1965,15971,2026-05-25 16:17:32.000,patel_r
551,1966,15163,2026-05-25 16:17:32.000,patel_r
552,1966,18347,2026-05-25 16:17:32.000,lwang
553,1966,17242,2026-05-25 16:17:32.000,patel_r
554,1968,19833,2026-05-25 16:17:32.000,mlee
555,1969,16260,2026-05-25 16:17:32.000,agarcia
556,1971,17906,2026-05-25 16:17:32.000,nkumar
557,1971,19423,2026-05-25 16:17:32.000,patel_r
558,1972,19287,2026-05-25 16:17:32.000,lwang
559,1973,17184,2026-05-25 16:17:32.000,obrown
560,1974,17345,2026-05-25 16:17:32.000,lwang
561,1979,18846,2026-05-25 16:17:32.000,obrown
562,1979,17647,2026-05-25 16:17:32.000,obrown
563,1979,15468,2026-05-25 16:17:32.000,mlee
564,1979,17319,2026-05-25 16:17:32.000,obrown
565,1980,15970,2026-05-25 16:17:32.000,agarcia
566,1981,18015,2026-05-25 16:17:32.000,nkumar
567,1982,19638,2026-05-25 16:17:32.000,lwang
568,1985,18793,2026-05-25 16:17:32.000,obrown
569,1986,17440,2026-05-25 16:17:32.000,nkumar
570,1987,16849,2026-05-25 16:17:32.000,mlee
571,1988,15443,2026-05-25 16:17:32.000,obrown
572,1988,17263,2026-05-25 16:17:32.000,nkumar
573,1989,16338,2026-05-25 16:17:32.000,lwang
574,1991,16333,2026-05-25 16:17:32.000,mlee
575,1992,17096,2026-05-25 16:17:32.000,patel_r
576,1993,19979,2026-05-25 16:17:32.000,mlee
577,1994,15474,2026-05-25 16:17:32.000,mlee
578,1995,19302,2026-05-25 16:17:32.000,obrown
579,1997,17309,2026-05-25 16:17:32.000,obrown
580,1998,16616,2026-05-25 16:17:32.000,patel_r
